{"cameraMode":{"drawMode":0,"name":"Shaded","section":"Shading Mode"},"sceneLighting":true,"audioPlay":false,"sceneViewState":{"m_AlwaysRefresh":false,"showFog":true,"showSkybox":true,"showFlares":true,"showImageEffects":true,"showParticleSystems":true,"showVisualEffectGraphs":true,"m_FxEnabled":true},"in2DMode":false,"pivot":{"x":0.3249053657054901,"y":3.1023449897766115,"z":7.036087989807129},"rotation":{"x":0.7056346535682678,"y":0.0012785851722583175,"z":-0.0012813190696761013,"w":0.7085878849029541},"size":8.569135665893555,"orthographic":false}